{
  "config": {
    "base_filters": 32,
    "dropout": 0.5,
    "batch_size": 8,
    "num_epochs": 50,
    "learning_rate": 0.001,
    "weight_decay": 0.0001,
    "early_stopping_patience": 10,
    "use_class_weights": true,
    "target_length": 10000,
    "normalize_method": "zscore",
    "augment_train": true,
    "train_ratio": 0.7,
    "val_ratio": 0.15,
    "test_ratio": 0.15,
    "seed": 42,
    "device": "cpu"
  },
  "results": [
    {
      "model_name": "SimpleCNN1D",
      "num_parameters": 135555,
      "config": {
        "base_filters": 32,
        "dropout": 0.5,
        "batch_size": 8,
        "num_epochs": 50,
        "learning_rate": 0.001,
        "weight_decay": 0.0001,
        "early_stopping_patience": 10,
        "use_class_weights": true,
        "target_length": 10000,
        "normalize_method": "zscore",
        "augment_train": true,
        "train_ratio": 0.7,
        "val_ratio": 0.15,
        "test_ratio": 0.15,
        "seed": 42,
        "device": "cpu"
      },
      "training_summary": {
        "status": "completed",
        "epochs_trained": 23,
        "best_val_loss": 0.7754714488983154,
        "best_val_acc": 0.8,
        "final_train_loss": 0.6622228111539569,
        "final_train_acc": 0.6071428571428571,
        "final_val_loss": 1.0013203620910645,
        "final_val_acc": 0.4
      },
      "training_history": {
        "train_loss": [
          1.4209649222237724,
          1.1586218220846993,
          0.939874700137547,
          0.8444288032395499,
          0.8893089294433594,
          1.2987448573112488,
          0.8228445223399571,
          0.9856442553656442,
          0.9376304830823626,
          1.1455826333590917,
          1.2127937589372908,
          1.0308048214231218,
          0.9295288068907601,
          0.7267260721751622,
          0.7575532368251255,
          1.0469047640051161,
          0.6607287526130676,
          0.9453165531158447,
          0.7471657650811332,
          0.7994811364582607,
          0.7944245849336896,
          0.760736916746412,
          0.6622228111539569
        ],
        "train_acc": [
          0.14285714285714285,
          0.25,
          0.39285714285714285,
          0.4642857142857143,
          0.4642857142857143,
          0.4642857142857143,
          0.4642857142857143,
          0.5,
          0.4642857142857143,
          0.35714285714285715,
          0.5,
          0.5714285714285714,
          0.5714285714285714,
          0.6428571428571429,
          0.6428571428571429,
          0.5357142857142857,
          0.7142857142857143,
          0.4642857142857143,
          0.6071428571428571,
          0.7142857142857143,
          0.5714285714285714,
          0.5714285714285714,
          0.6071428571428571
        ],
        "val_loss": [
          1.1042377948760986,
          1.0803097486495972,
          1.0521854162216187,
          1.013742208480835,
          0.9418105483055115,
          0.9490821957588196,
          1.0168800354003906,
          0.9177201986312866,
          0.7754714488983154,
          0.8372275233268738,
          0.9625446796417236,
          1.0280406475067139,
          0.9818501472473145,
          0.913095235824585,
          0.8660174608230591,
          0.8063808083534241,
          0.8321100473403931,
          0.8724570274353027,
          0.8898975253105164,
          0.9418522119522095,
          1.1284488439559937,
          1.0260714292526245,
          1.0013203620910645
        ],
        "val_acc": [
          0.4,
          0.4,
          0.4,
          0.6,
          0.6,
          0.4,
          0.4,
          0.4,
          0.6,
          0.2,
          0.2,
          0.2,
          0.8,
          0.8,
          0.4,
          0.6,
          0.6,
          0.6,
          0.6,
          0.6,
          0.4,
          0.4,
          0.4
        ],
        "learning_rates": [
          0.001,
          0.001,
          0.001,
          0.001,
          0.001,
          0.001,
          0.001,
          0.001,
          0.001,
          0.001,
          0.001,
          0.001,
          0.001,
          0.001,
          0.001,
          0.0005,
          0.0005,
          0.0005,
          0.0005,
          0.0005,
          0.0005,
          0.00025,
          0.00025
        ]
      },
      "test_metrics": {
        "accuracy": 0.4444444444444444,
        "per_class_accuracy": {
          "1um": 0.0,
          "2um": 1.0,
          "3um": 0.4
        },
        "precision_recall_f1": {
          "macro": {
            "precision": 0.42857142857142855,
            "recall": 0.4666666666666666,
            "f1": 0.3386243386243386
          },
          "weighted": {
            "precision": 0.6190476190476191,
            "recall": 0.4444444444444444,
            "f1": 0.41622574955908287
          },
          "per_class": {
            "1um": {
              "precision": 0.0,
              "recall": 0.0,
              "f1": 0.0,
              "support": 2
            },
            "2um": {
              "precision": 0.2857142857142857,
              "recall": 1.0,
              "f1": 0.4444444444444444,
              "support": 2
            },
            "3um": {
              "precision": 1.0,
              "recall": 0.4,
              "f1": 0.5714285714285714,
              "support": 5
            }
          }
        },
        "confusion_matrix": [
          [
            0,
            2,
            0
          ],
          [
            0,
            2,
            0
          ],
          [
            0,
            3,
            2
          ]
        ],
        "roc_auc": {
          "macro": 0.7333333333333334,
          "weighted": 0.7222222222222222,
          "per_class": {
            "1um": 0.5714285714285714,
            "2um": 0.9285714285714286,
            "3um": 0.7
          }
        },
        "num_samples": 9
      },
      "best_val_loss": 0.7754714488983154,
      "best_val_acc": 0.8,
      "final_train_loss": 0.6622228111539569,
      "final_train_acc": 0.6071428571428571,
      "final_val_loss": 1.0013203620910645,
      "final_val_acc": 0.4,
      "test_accuracy": 0.4444444444444444,
      "test_macro_f1": 0.3386243386243386,
      "timestamp": "2025-10-15 23:06:32"
    },
    {
      "model_name": "ResNet1D",
      "num_parameters": 964259,
      "config": {
        "base_filters": 32,
        "dropout": 0.5,
        "batch_size": 8,
        "num_epochs": 50,
        "learning_rate": 0.001,
        "weight_decay": 0.0001,
        "early_stopping_patience": 10,
        "use_class_weights": true,
        "target_length": 10000,
        "normalize_method": "zscore",
        "augment_train": true,
        "train_ratio": 0.7,
        "val_ratio": 0.15,
        "test_ratio": 0.15,
        "seed": 42,
        "device": "cpu"
      },
      "training_summary": {
        "status": "completed",
        "epochs_trained": 32,
        "best_val_loss": 0.5490153431892395,
        "best_val_acc": 0.8,
        "final_train_loss": 0.40937116529260364,
        "final_train_acc": 0.7857142857142857,
        "final_val_loss": 0.8985486030578613,
        "final_val_acc": 0.8
      },